<?xml version="1.0" encoding="UTF-8" ?>
<!DOCTYPE mapper
        PUBLIC "-//mybatis.org//DTD Mapper 3.0//EN"
        "http://mybatis.org/dtd/mybatis-3-mapper.dtd">
<mapper namespace="cn.student.mapper.StudentMapper">
    <sql id="attr">
        t_student.`sid`,t_student.`name`,t_student.`age`,t_student.`birthday`
    </sql>
    <insert id="addStudent">
        insert into t_student(<include refid="attr" />) value(#{sid},#{name},#{age},#{birthday});
    </insert>
    <select id="countStudent" resultType="int">
        select count(t_student.sid) from t_student
    </select>
    <update id="putStudent">
        <trim prefix="update t_student set" suffixOverrides=",">
            <if test="#{name} != null and #{name} != ''">t_student.name = #{name},</if>
            <if test="#{age} != null and #{age} != ''">t_student.age = #{age},</if>
            <if test="#{birthday} != null and #{birthday} != ''">t_student.birthday = #{birthday},</if>
        </trim>
        <where>t_student.sid = #{sid}</where>
    </update>
    <delete id="deleteStudent">
        delete from t_student where t_student.sid = #{sid}
    </delete>
    <select id="getStudentList" resultType="Student">
        select <include refid="attr" /> from t_student
    </select>
    <select id="getStudentById" resultType="Student">
        select <include refid="attr" /> from t_student where t_student.sid = #{sid}
    </select>
</mapper>