<?xml version="1.0" encoding="UTF-8"?>
<beans xmlns="http://www.springframework.org/schema/beans"
       xmlns:context="http://www.springframework.org/schema/context"
       xmlns:p="http://www.springframework.org/schema/p"
       xmlns:aop="http://www.springframework.org/schema/aop"
       xmlns:tx="http://www.springframework.org/schema/tx"
       xmlns:xsi="http://www.w3.org/2001/XMLSchema-instance"
       xsi:schemaLocation="http://www.springframework.org/schema/beans http://www.springframework.org/schema/beans/spring-beans-4.0.xsd
    http://www.springframework.org/schema/context http://www.springframework.org/schema/context/spring-context-4.0.xsd
    http://www.springframework.org/schema/aop http://www.springframework.org/schema/aop/spring-aop-4.0.xsd http://www.springframework.org/schema/tx http://www.springframework.org/schema/tx/spring-tx-4.0.xsd
    http://www.springframework.org/schema/util http://www.springframework.org/schema/util/spring-util-4.0.xsd">

    <!-- 加载配置文件 -->
    <context:property-placeholder location="student-db.properties"/>

    <!-- 数据库连接池 -->
    <bean id="dataSource" class="org.apache.commons.dbcp.BasicDataSource"
          destroy-method="close">
        <property name="driverClassName" value="${student.driver}"/>
        <property name="url" value="${student.url}"/>
        <property name="username" value="${student.username}"/>
        <property name="password" value="${student.password}"/>
        <property name="maxActive" value="10"/>
        <property name="maxIdle" value="5"/>
    </bean>

    <!-- 配置SqlSessionFactory -->
    <bean id="sqlSessionFactory" class="org.mybatis.spring.SqlSessionFactoryBean">
        <!-- 配置别名 -->
        <property name="typeAliasesPackage" value="cn.student.pojo" />
        <property name="configuration">
            <!--生成configuration实体类-->
            <bean class="org.apache.ibatis.session.Configuration">
                <!--配置logImpl value中需要放入一个class类，-->
                <property name="logImpl" value="org.apache.ibatis.logging.stdout.StdOutImpl"/>
                <!--配置映射行为-->
                <property name="autoMappingBehavior" value="PARTIAL" />
            </bean>
        </property>
        <!-- 配置mybatis核心配置文件 -->
        <!--<property name="configLocation" value="classpath:MyBatisConfig.xml"/>-->
        <!-- 配置数据源 -->
        <property name="dataSource" ref="dataSource"/>
    </bean>
    <!--扫描Mapper包并创建Mapper对象(bean)-->
    <bean class="org.mybatis.spring.mapper.MapperScannerConfigurer" id="mapperScannerConfigurer">
        <property name="basePackage" value="cn.student.mapper" />
    </bean>
    <!--    纯xml形式进行属性注入-->
    <!--    <bean id="studentDao" class="org.mybatis.spring.mapper.MapperFactoryBean">-->
    <!--        <property name="mapperInterface" value="cn.mapper.cn.student.StudentMapper"/>-->
    <!--        <property name="sqlSessionFactory" ref="sqlSessionFactory"/>-->
    <!--    </bean>-->
    <!--    <bean class="cn.service.cn.student.StudentService" id="studentService">-->
    <!--        <property name="studentMapper" ref="studentDao" />-->
    <!--    </bean>-->
    <!--xml配合注解的方式进行属性注入-->
    <!--扫描service包并查找注解创建service对象(bean)并将属性自动注入-->
    <context:component-scan base-package="cn.student.service" />
</beans>