<?xml version="1.0" encoding="UTF-8"?>
<beans xmlns="http://www.springframework.org/schema/beans"
       xmlns:context="http://www.springframework.org/schema/context"
       xmlns:p="http://www.springframework.org/schema/p"
       xmlns:aop="http://www.springframework.org/schema/aop"
       xmlns:tx="http://www.springframework.org/schema/tx"
       xmlns:xsi="http://www.w3.org/2001/XMLSchema-instance"
       xsi:schemaLocation="http://www.springframework.org/schema/beans http://www.springframework.org/schema/beans/spring-beans-4.0.xsd
    http://www.springframework.org/schema/context http://www.springframework.org/schema/context/spring-context-4.0.xsd
    http://www.springframework.org/schema/aop http://www.springframework.org/schema/aop/spring-aop-4.0.xsd http://www.springframework.org/schema/tx http://www.springframework.org/schema/tx/spring-tx-4.0.xsd
    http://www.springframework.org/schema/util http://www.springframework.org/schema/util/spring-util-4.0.xsd">

    <!-- 加载配置文件 -->
    <context:property-placeholder location="student-db.properties"/>

    <!-- 数据库连接池 -->
    <bean id="dataSource" class="org.apache.commons.dbcp.BasicDataSource"
          destroy-method="close">
        <property name="driverClassName" value="${student.driver}"/>
        <property name="url" value="${student.url}"/>
        <property name="username" value="${student.username}"/>
        <property name="password" value="${student.password}"/>
        <property name="maxActive" value="10"/>
        <property name="maxIdle" value="5"/>
    </bean>

    <!-- 配置SqlSessionFactory -->
    <bean id="sqlSessionFactory" class="org.mybatis.spring.SqlSessionFactoryBean">
        <!-- 配置mybatis核心配置文件 -->
        <property name="configLocation" value="classpath:MyBatisConfig.xml"/>
        <!-- 配置数据源 -->
        <property name="dataSource" ref="dataSource"/>
    </bean>
    <!--    <bean class="org.mybatis.spring.mapper.MapperScannerConfigurer" id="studentMapper">-->
    <!--        <property name="basePackage" value="cn.student.mapper" />-->
    <!--    </bean>-->
    <bean id="studentDao" class="org.mybatis.spring.mapper.MapperFactoryBean">
        <property name="mapperInterface" value="cn.student.mapper.StudentMapper"/>
        <property name="sqlSessionFactory" ref="sqlSessionFactory"/>
    </bean>
    <bean class="cn.student.service.StudentService" id="studentService">
        <property name="studentDao" ref="studentDao" />
    </bean>
</beans>