<?xml version="1.0" encoding="utf-8" ?>
<!DOCTYPE configuration
        PUBLIC "-//mybatis.org//DTD Config 3.0//EN"
        "http://mybatis.org/dtd/mybatis-3-config.dtd">
<configuration>
    <!--引入外部配置文件-->
    <properties resource="student-db.properties"/>
    <!--运行时配置-->
    <settings>
        <setting name="autoMappingBehavior" value="PARTIAL"/>
<!--        <setting name="logImpl" value="org.apache.ibatis.logging.stdout.StdOutImpl"/>-->
    </settings>
    <!--配置别名-->
    <typeAliases>
        <package name="cn.student.pojo"/>
    </typeAliases>
    <!--配置环境，数据源-->
    <!--    <environments default="development">-->
    <!--        <environment id="development">-->
    <!--            <transactionManager type="JDBC"/>-->
    <!--            <dataSource type="POOLED">-->
    <!--                <property name="driver" value="${student.driver}"/>-->
    <!--                <property name="url" value="${student.url}"/>-->
    <!--                <property name="username" value="${student.username}"/>-->
    <!--                <property name="password" value="${student.password}"/>-->
    <!--            </dataSource>-->
    <!--        </environment>-->
    <!--    </environments>-->
    <!--配置映射文件-->
    <!--    <mappers>-->
    <!--        <package name="cn.student.mapper"/>-->
    <!--    </mappers>-->
</configuration>